{"transparency": 1, "height": 10, "color": [130, 80, 230], "size": 0.2, "base_station_serial": "LHB-32E3676B", "x": 1.7000000000000006, "y": 0, "z": 1.7300000000000006}